{
  "address1": {
    "groupHost": "232.4.1.2",
    "port": 8001,
    "isCreate": 0
  },
  "TelemetryParameters": {
    "groupHost": "232.100.1.3",
    "port": 8024,
    "isCreate": 0
  },
  "address3": {
    "groupHost": "232.100.1.2",
    "port": 8000,
    "isCreate": 0
  },
  "address4": {
    "groupHost": "232.100.1.1",
    "port": 8000,
    "isCreate": 0
  },
  "address5": {
    "groupHost": "232.100.110.1",
    "port": 16721,
    "isCreate": 0
  },
  "address6": {
    "groupHost": "232.100.1.3",
    "port": 9000,
    "isCreate": 0
  },
  "SOFTID_TX": {
    "groupHost": "232.4.1.1",
    "port": 8000,
    "isCreate": 0
  },
  "SOFTID_XS": {
    "groupHost": "232.4.1.2",
    "port": 8000,
    "isCreate": 0
  },
  "SOFTID_SC": {
    "groupHost": "232.4.1.3",
    "port": 8000,
    "isCreate": 0
  },
  "SOFTID_SG": {
    "groupHost": "232.4.1.4",
    "port": 8000,
    "isCreate": 0
  },
  "SOFTID_XK": {
    "groupHost": "232.4.1.5",
    "port": 8000,
    "isCreate": 0
  },
  "SOFTID_DZ": {
    "groupHost": "232.4.1.6",
    "port": 8000,
    "isCreate": 0
  },
  "SOFTID_DG": {
    "groupHost": "232.4.1.7",
    "port": 8000,
    "isCreate": 0
  },
  "SOFTID_GXGB": {
    "groupHost": "232.100.1.3",
    "port": 9008,
    "isCreate": 0
  },
  "TelemetryALi": {
    "groupHost": "232.100.100.100",
    "port": 10000,
    "isCreate": 1
  }
}