{
  "0101": {
    "groupHost": "232.100.1.1",
    "port": 8000
  },
  "0102": {
    "groupHost": "232.100.1.2",
    "port": 8000
  },
  "0103": {
    "groupHost": "232.100.1.3",
    "port": 8000
  },
  "0104": {
    "groupHost": "232.100.1.4",
    "port": 8000
  },
  "0105": {
    "groupHost": "232.100.1.5",
    "port": 8000
  },
  "0201": {
    "groupHost": "232.100.2.1",
    "port": 8000
  },
  "0202": {
    "groupHost": "232.100.2.2",
    "port": 8000
  },
  "0203": {
    "groupHost": "232.100.2.3",
    "port": 8000
  },
  "0204": {
    "groupHost": "232.100.2.4",
    "port": 8000
  },
  "0301": {
    "groupHost": "232.100.3.1",
    "port": 8000
  },
  "0302": {
    "groupHost": "232.100.3.2",
    "port": 8000
  },
  "0303": {
    "groupHost": "232.100.3.3",
    "port": 8000
  },
  "0304": {
    "groupHost": "232.100.3.4",
    "port": 8000
  },
  "0305": {
    "groupHost": "232.100.3.5",
    "port": 8000
  },
  "0306": {
    "groupHost": "232.100.3.6",
    "port": 8000
  },
  "0307": {
    "groupHost": "232.100.3.7",
    "port": 8000
  },
  "0401": {
    "groupHost": "232.100.4.1",
    "port": 8000
  },
  "0402": {
    "groupHost": "232.100.4.2",
    "port": 8000
  },
  "0403": {
    "groupHost": "232.100.4.3",
    "port": 8000
  },
  "0404": {
    "groupHost": "232.100.4.4",
    "port": 8000
  },
  "0501": {
    "groupHost": "232.100.5.1",
    "port": 8000
  },
  "GXYD": {
    "groupHost": "232.100.1.1",
    "port": 8000
  }
}